"SAMPLE"	"ROW_ID"	"HGVS_INPUT"	"HGVS_QUERY"	"ASSEMBLY"	"CHROM"	"POS"	"REF"	"ALT"	"GENE"	"HGVS_C"	"HGVS_G"	"HGVS_P_RETURNED"	"STATUS"	"WARNINGS"	"SOURCE_REFERENCE"	"SOURCE_START"	"SOURCE_END"	"SOURCE_BUILD"	"BED_TwistIllumina2_5"
"25-06-2-00775-C"	1	"NM_001042492.3:c.4279_4280dup;p.(Leu1427PhefsTer2)"	"NM_001042492.3:c.4279_4280dup"	"GRCh38"	"chr17"	31258446	"A"	"ATT"	"NF1"	"NM_001042492.3:c.4279_4280dup"	"NC_000017.11:g.31258449_31258450dup"	"NP_001035957.1:p.(Leu1427PhefsTer2)"	"OK"		"NM_001042492.3"				"IN"
"25-06-2-00776-C"	2	"NM_001042492.3:c.3827G>A;p.(Arg1276Gln)"	"NM_001042492.3:c.3827G>A"	"GRCh38"	"chr17"	31235729	"G"	"A"	"NF1"	"NM_001042492.3:c.3827G>A"	"NC_000017.11:g.31235729G>A"	"NP_001035957.1:p.(Arg1276Gln)"	"OK"		"NM_001042492.3"				"IN"
"25-06-2-00777-C"	3	"NM_001042492.3:c.4677G>A;p.(Trp1559Ter)"	"NM_001042492.3:c.4677G>A"	"GRCh38"	"chr17"	31261810	"G"	"A"	"NF1"	"NM_001042492.3:c.4677G>A"	"NC_000017.11:g.31261810G>A"	"NP_001035957.1:p.(Trp1559Ter)"	"OK"		"NM_001042492.3"				"IN"
"25-06-2-00779-C"	4	"NM_001042492.3:c.2072T>C;p.(Leu691Pro)"	"NM_001042492.3:c.2072T>C"	"GRCh38"	"chr17"	31226505	"T"	"C"	"NF1"	"NM_001042492.3:c.2072T>C"	"NC_000017.11:g.31226505T>C"	"NP_001035957.1:p.(Leu691Pro)"	"OK"		"NM_001042492.3"				"IN"
"25-06-2-00780-C"	5	"NM_006914.4:c.224T>G;p.(Met75Arg)"	"NM_006914.4:c.224T>G"	"GRCh38"	"chr9"	74634761	"T"	"G"	"RORB"	"NM_006914.4:c.224T>G"	"NC_000009.12:g.74634761T>G"	"NP_008845.2:p.(Met75Arg)"	"OK"		"NM_006914.4"				"IN"
"25-06-2-00781-C"	6	"NM_000170.3:c.2186del;p.(Ala729GlufsTer3)"	"NM_000170.3:c.2186del"	"GRCh38"	"chr9"	6556168	"TG"	"T"	"GLDC"	"NM_000170.3:c.2186del"	"NC_000009.12:g.6556169del"	"NP_000161.2:p.(Ala729GlufsTer3)"	"OK"		"NM_000170.3"				"IN"
"25-06-2-00781-C"	7	"NC_000009.11:g.6642359_6701885del"	"NC_000009.11:g.6642359_6701885del"	"GRCh38"									"SV_REVIEW"	"Delecao genomica de 59527 bp. Definir representacao SV/END e validar remapeamento para a montagem alvo."	"NC_000009.11"	6642359	6701885	"GRCh37"	
"25-06-2-00783-C"	8	"NM_003722.5:c.109C>T;p.(Arg37Ter)"	"NM_003722.5:c.109C>T"	"GRCh38"	"chr3"	189737786	"C"	"T"	"TP63"	"NM_003722.5:c.109C>T"	"NC_000003.12:g.189737786C>T"	"NP_003713.3:p.(Arg37Ter)"	"OK"		"NM_003722.5"				"IN"
"25-06-2-00784-C"	9	"NM_001042492.3:c.3739_3742del;p.(Phe1247IlefsTer18)"	"NM_001042492.3:c.3739_3742del"	"GRCh38"	"chr17"	31235638	"CTGTT"	"C"	"NF1"	"NM_001042492.3:c.3739_3742del"	"NC_000017.11:g.31235641_31235644del"	"NP_001035957.1:p.(Phe1247IlefsTer18)"	"OK"		"NM_001042492.3"				"IN"
"25-06-2-00785-C"	10	"NM_001278116.2:c.2686C>T;p.(Gln896Ter)"	"NM_001278116.2:c.2686C>T"	"GRCh38"	"chrX"	153865362	"G"	"A"	"L1CAM"	"NM_001278116.2:c.2686C>T"	"NC_000023.11:g.153865362G>A"	"NP_001265045.1:p.(Gln896Ter)"	"OK"		"NM_001278116.2"				"IN"
"25-06-2-00786-C"	11	"NM_004586.3:c.710C>T;p.(Pro237Leu)"	"NM_004586.3:c.710C>T"	"GRCh38"	"chrX"	20187892	"G"	"A"	"RPS6KA3"	"NM_004586.3:c.710C>T"	"NC_000023.11:g.20187892G>A"	"NP_004577.1:p.(Pro237Leu)"	"OK"		"NM_004586.3"				"IN"
"25-06-2-00788-C"	12	"NM_001042492.3:c.2409+2T>G;p.(?)"	"NM_001042492.3:c.2409+2T>G"	"GRCh38"	"chr17"	31227608	"T"	"G"	"NF1"	"NM_001042492.3:c.2409+2T>G"	"NC_000017.11:g.31227608T>G"	"NP_001035957.1:p.?"	"OK"		"NM_001042492.3"				"IN"
"25-06-2-00790-C"	13	"NM_003718.5:c.2579G>A;p.(Arg860Gln)"	"NM_003718.5:c.2579G>A"	"GRCh38"	"chr7"	40047856	"G"	"A"	"CDK13"	"NM_003718.5:c.2579G>A"	"NC_000007.14:g.40047856G>A"	"NP_003709.3:p.(Arg860Gln)"	"OK"		"NM_003718.5"				"IN"
"25-06-2-00790-C"	14	"NM_001042492.3:c.4382T>C;p.(Met1461Thr)"	"NM_001042492.3:c.4382T>C"	"GRCh38"	"chr17"	31259081	"T"	"C"	"NF1"	"NM_001042492.3:c.4382T>C"	"NC_000017.11:g.31259081T>C"	"NP_001035957.1:p.(Met1461Thr)"	"OK"		"NM_001042492.3"				"IN"
"25-06-2-00791-C"	15	"NM_000271.5:c.3104C>T;p.(Ala1035Val)"	"NM_000271.5:c.3104C>T"	"GRCh38"	"chr18"	23536814	"G"	"A"	"NPC1"	"NM_000271.5:c.3104C>T"	"NC_000018.10:g.23536814G>A"	"NP_000262.2:p.(Ala1035Val)"	"OK"		"NM_000271.5"				"IN"
"25-06-2-00791-C"	16	"NM_000271.5:c.3213_3216dup;p.(Gly1073Ter)"	"NM_000271.5:c.3213_3216dup"	"GRCh38"	"chr18"	23536701	"C"	"CGTTA"	"NPC1"	"NM_000271.5:c.3213_3216dup"	"NC_000018.10:g.23536702_23536705dup"	"NP_000262.2:p.(Gly1073Ter)"	"OK"		"NM_000271.5"				"IN"
"25-06-2-00792-C"	17	"NM_005957.5:c.3G>C; p.(Met1?)"	"NM_005957.5:c.3G>C"	"GRCh38"	"chr1"	11803114	"C"	"G"	"MTHFR"	"NM_005957.5:c.3G>C"	"NC_000001.11:g.11803114C>G"	"NP_005948.3:p.(Met1?)"	"OK"		"NM_005957.5"				"IN"
"25-06-2-00792-C"	18	"NM_005957.5:c.1753-16G>A;p.(?)"	"NM_005957.5:c.1753-16G>A"	"GRCh38"	"chr1"	11790914	"C"	"T"	"MTHFR"	"NM_005957.5:c.1753-16G>A"	"NC_000001.11:g.11790914C>T"	"NP_005948.3:p.?"	"OK"		"NM_005957.5"				"OUT"
"25-06-2-00793-C"	19	"NC_000017.11:g.31350792_31355029del"	"NC_000017.11:g.31350792_31355029del"	"GRCh38"									"SV_REVIEW"	"Delecao genomica de 4238 bp. Definir representacao SV/END e validar remapeamento para a montagem alvo."	"NC_000017.11"	31350792	31355029	"GRCh38"	
"25-06-2-00794-C"	20	"NM_001042492.3:c.7316del;p.(Leu2439Ter)"	"NM_001042492.3:c.7316del"	"GRCh38"	"chr17"	31349244	"CT"	"C"	"NF1"	"NM_001042492.3:c.7316del"	"NC_000017.11:g.31349246del"	"NP_001035957.1:p.(Leu2439Ter)"	"OK"		"NM_001042492.3"				"IN"
"25-06-2-00796-C"	21	"NM_000038.6:c.1480dup;p.(Ser494LysfsTer43)"	"NM_000038.6:c.1480dup"	"GRCh38"	"chr5"	112827178	"C"	"CA"	"APC"	"NM_000038.6:c.1480dup"	"NC_000005.10:g.112827179dup"	"NP_000029.2:p.(Ser494LysfsTer43)"	"OK"		"NM_000038.6"				"IN"
"25-06-2-00796-C"	22	"NM_015557.3:c.5742G>C;p.(Gln1914His) "	"NM_015557.3:c.5742G>C"	"GRCh38"	"chr1"	6106616	"C"	"G"	"CHD5"	"NM_015557.3:c.5742G>C"	"NC_000001.11:g.6106616C>G"	"NP_056372.1:p.(Gln1914His)"	"OK"		"NM_015557.3"				"IN"
"25-06-2-00797-C"	23	"NM_001042492.3:c.4532T>C;p.(Leu1511Pro)"	"NM_001042492.3:c.4532T>C"	"GRCh38"	"chr17"	31260470	"T"	"C"	"NF1"	"NM_001042492.3:c.4532T>C"	"NC_000017.11:g.31260470T>C"	"NP_001035957.1:p.(Leu1511Pro)"	"OK"		"NM_001042492.3"				"IN"
"25-06-2-00798-C"	24	"NM_000702.4:c.587G>A;p.(Arg196His)"	"NM_000702.4:c.587G>A"	"GRCh38"	"chr1"	160124387	"G"	"A"	"ATP1A2"	"NM_000702.4:c.587G>A"	"NC_000001.11:g.160124387G>A"	"NP_000693.1:p.(Arg196His)"	"OK"		"NM_000702.4"				"IN"
"25-06-2-00910-C"	25	"NM_005052.3:c.47A>C;p.(Lys16Thr)"	"NM_005052.3:c.47A>C"	"GRCh38"	"chr17"	82032398	"A"	"C"	"RAC3"	"NM_005052.3:c.47A>C"	"NC_000017.11:g.82032398A>C"	"NP_005043.1:p.(Lys16Thr)"	"OK"		"NM_005052.3"				"IN"
"25-06-2-00912-C"	26	"NM_013275.6:c.1491del;p.(Ser498AlafsTer12)"	"NM_013275.6:c.1491del"	"GRCh38"	"chr16"	89285050	"TC"	"T"	"ANKRD11"	"NM_013275.6:c.1491del"	"NC_000016.10:g.89285054del"	"NP_037407.4:p.(Ser498AlafsTer12)"	"OK"		"NM_013275.6"				"IN"
"25-06-2-00778-C"	27	"NM_001042492.3:c.2072T>C ;p.Leu691Pro "	"NM_001042492.3:c.2072T>C"	"GRCh38"	"chr17"	31226505	"T"	"C"	"NF1"	"NM_001042492.3:c.2072T>C"	"NC_000017.11:g.31226505T>C"	"NP_001035957.1:p.(Leu691Pro)"	"OK"		"NM_001042492.3"				"IN"
"003-05-25000380A"	28	"NM_004168.4:c.1753C>T,NP_004159.2:p.Arg585Trp"	"NM_004168.4:c.1753C>T"	"GRCh38"	"chr5"	251427	"C"	"T"	"SDHA"	"NM_004168.4:c.1753C>T"	"NC_000005.10:g.251427C>T"	"NP_004159.2:p.(Arg585Trp)"	"REVIEW"	"The current status of LRG_315 is pending therefore changes may be made to the LRG reference sequence"	"NM_004168.4"				"IN"
"003-05-25000335A"	29	"NM_031844.3:c.643_652del"	"NM_031844.3:c.643_652del"	"GRCh38"	"chr1"	244863655	"CCTTCCGCCTT"	"C"	"HNRNPU"	"NM_031844.3:c.643_652del"	"NC_000001.11:g.244863660_244863669del"	"NP_114032.2:p.(Lys215AlafsTer121)"	"OK"		"NM_031844.3"				"IN"
"003-05-25000328A"	30	"NM_003545.4:c.155A>G:p.Tyr52Cys "	"NM_003545.4:c.155A>G"	"GRCh38"	"chr6"	26204799	"A"	"G"	"H4C5"	"NM_003545.4:c.155A>G"	"NC_000006.12:g.26204799A>G"	"NP_003536.1:p.(Tyr52Cys)"	"OK"		"NM_003545.4"				"IN"
"003-05-25000309A"	31	"NM_001042492.3 c.910C>T"	"NM_001042492.3:c.910C>T"	"GRCh38"	"chr17"	31200443	"C"	"T"	"NF1"	"NM_001042492.3:c.910C>T"	"NC_000017.11:g.31200443C>T"	"NP_001035957.1:p.(Arg304Ter)"	"OK"		"NM_001042492.3"				"IN"
"003-05-25000301A"	32	"NM_001042492.3 c.1110del "	"NM_001042492.3:c.1110del"	"GRCh38"	"chr17"	31201083	"CT"	"C"	"NF1"	"NM_001042492.3:c.1110del"	"NC_000017.11:g.31201084del"	"NP_001035957.1:p.(Ala371GlnfsTer5)"	"OK"		"NM_001042492.3"				"IN"
"003-05-25000155A"	33	"NM_002834.5:c.236A>G;p.Gln79Arg"	"NM_002834.5:c.236A>G"	"GRCh38"	"chr12"	112450416	"A"	"G"	"PTPN11"	"NM_002834.5:c.236A>G"	"NC_000012.12:g.112450416A>G"	"NP_002825.3:p.(Gln79Arg)"	"OK"		"NM_002834.5"				"IN"
"003-05-26000289A"	34	"NM_001032221.6:c.751G>C"	"NM_001032221.6:c.751G>C"	"GRCh38"	"chr9"	127666253	"G"	"C"	"STXBP1"	"NM_001032221.6:c.751G>C"	"NC_000009.12:g.127666253G>C"	"NP_001027392.1:p.(Ala251Pro)"	"OK"		"NM_001032221.6"				"IN"
"003-05-25000086A"	35	"NM_000138.5:c.4271dup"	"NM_000138.5:c.4271dup"	"GRCh38"	"chr15"	48472615	"T"	"TG"	"FBN1"	"NM_000138.5:c.4271dup"	"NC_000015.10:g.48472617dup"	"NP_000129.3:p.(Gly1425ArgfsTer6)"	"OK"		"NM_000138.5"				"IN"
"003-05-25000458A"	36	"NM_001042492.3:c.4332+1G>T"	"NM_001042492.3:c.4332+1G>T"	"GRCh38"	"chr17"	31258503	"G"	"T"	"NF1"	"NM_001042492.3:c.4332+1G>T"	"NC_000017.11:g.31258503G>T"	"NP_001035957.1:p.?"	"OK"		"NM_001042492.3"				"IN"
"003-05-25000446A"	37	"NM_005559.4:c.4993dup,NP_005550.2:p.Gln1665ProfsTer19"	"NM_005559.4:c.4993dup"	"GRCh38"	"chr18"	6993655	"T"	"TG"	"LAMA1"	"NM_005559.4:c.4993dup"	"NC_000018.10:g.6993656dup"	"NP_005550.2:p.(Gln1665ProfsTer19)"	"OK"		"NM_005559.4"				"IN"
"003-05-25000382A"	38	"NM_031263.4:c.571A>G:p.Arg191Gly"	"NM_031263.4:c.571A>G"	"GRCh38"	"chr9"	83972918	"T"	"C"	"HNRNPK"	"NM_031263.4:c.571A>G"	"NC_000009.12:g.83972918T>C"	"NP_112553.1:p.(Arg191Gly)"	"OK"		"NM_031263.4"				"IN"
"003-05-25000316A"	39	"NM_006180.6 c.526T>C p.(Cys176Arg) "	"NM_006180.6:c.526T>C"	"GRCh38"	"chr9"	84710734	"T"	"C"	"NTRK2"	"NM_006180.6:c.526T>C"	"NC_000009.12:g.84710734T>C"	"NP_006171.2:p.(Cys176Arg)"	"OK"		"NM_006180.6"				"IN"
